,Name,Symbol,result,ratio_title,ratio_ticker,ratio_summary,ratio_total
684,Intercontinental Hotels Group American Depositary Shares (Each representing one Ordinary Share),IHG,IHG,86,0,3400,3486
3046,Eaton Vance Risk-Managed Diversified Equity Income Fund Common Shares of Beneficial Interest,ETJ,ETJ,81,0,10500,10581
3075,Standard Lithium Ltd. Common Shares,SLI,SLI,100,0,1100,1200
5401,Rockley Photonics Holdings Limited Ordinary Shares,RKLY,RKLY,100,0,700,800
5293,Eagle Capital Growth Fund Inc. Common Stock,GRF,GRF,100,0,3800,3900
1303,Assured Guaranty Ltd. Common Stock,AGO,AGO,100,0,700,800
1580,Zurn Elkay Water Solutions Corporation Common Stock,ZWS,ZWS,100,0,4200,4300
3954,B. Riley Principal 250 Merger Corp. Class A common stock,BRIV,BRIV,100,0,4700,4800
6273,Sizzle Acquisition Corp. Common stock,SZZL,SZZL,100,0,300,400
4253,Spok Holdings Inc. Common Stock,SPOK,SPOK,100,100,400,600
1457,Healthcare Realty Trust Incorporated Common Stock,HR,HR,100,0,600,700
4038,Clough Global Opportunities Fund Common Stock,GLO,GLO,100,0,3000,3100
5430,BSQUARE Corporation Common Stock,BSQR,SQ,0,0,1472,1472
4085,ABG Acquisition Corp. I Class A Ordinary Shares,ABGI,ABGI,100,0,1500,1600
6098,Jaguar Global Growth Corporation I Class A Ordinary Shares,JGGC,JGGC,100,0,4000,4100
5523,NiSun International Enterprise Development Group Co. Ltd. Class A Common Shares,NISN,NISN,100,0,9500,9600
1911,Pacira BioSciences Inc. Common Stock,PCRX,PCRX,100,0,1300,1400
51,Adobe Inc. Common Stock,ADBE,ADBE,100,89,400,589
232,Motorola Solutions Inc. Common Stock,MSI,MSI,100,0,1300,1400
3454,Home Bancorp Inc. Common Stock,HBCP,HBCP,100,0,900,1000
5013,Champions Oncology Inc. Common Stock,CSBR,CSBR,100,0,1500,1600
4687,Capricor Therapeutics Inc. Common Stock,CAPR,CAPR,100,0,300,400
708,Western Midstream Partners LP Common Units Representing Limited Partner Interests,WES,WES,0,0,7500,7500
4909,Concord Medical Services Holdings Limited ADS (Each represents three ordinary shares),CCM,CCM,89,0,1800,1889
4521,PHX Minerals Inc. Common Stock,PHX,PHX,100,0,1100,1200
3654,Biotech Acquisition Company Class A Ordinary Shares,BIOT,BIOT,100,0,300,400
6269,M3-Brigade Acquisition III Corp. Class A Common Stock,MBSC,MBSC,100,0,1800,1900
6292,Jianzhi Education Technology Group Company Limited American Depositary Shares,JZ,JZ,86,0,1000,1086
5206,Ashford Inc. (Holding Company) Common Stock,AINC,AINC,100,0,400,500
3949,Virtus Convertible & Income Fund II Common Shares of Beneficial Interest,NCZ,NCZ,0,0,9200,9200
141,PNC Financial Services Group Inc. (The) Common Stock,PNC,PNC,100,0,1700,1800
4090,California BanCorp Common Stock,CALB,CALB,100,0,1600,1700
332,ResMed Inc. Common Stock,RMD,RMD,100,0,200,300
5260,Cryo-Cell International Inc. Common Stock,CCEL,CCEL,98,0,700,798
4931,Travelzoo Common Stock,TZOO,TZOO,100,0,600,700
4878,Iris Energy Limited Ordinary Shares,IREN,IREN,100,0,300,400
1748,Artisan Partners Asset Management Inc. Class A Common Stock,APAM,APAM,100,0,2600,2700
4139,RGC Resources Inc. Common Stock,RGCO,RGCO,100,0,700,800
2464,Open Lending Corporation Class A Common Stock,LPRO,LPRO,100,0,700,800
5501,Catalyst Biosciences Inc. Common Stock,CBIO,CBIO,100,0,900,1000
1847,Boot Barn Holdings Inc. Common Stock,BOOT,BOOT,100,0,1100,1200
1563,Helen of Troy Limited Common Stock,HELE,HELE,100,0,900,1000
2969,Babcock & Wilcox Enterprises Inc. Common Stock,BW,BW,100,0,2700,2800
2929,Health Catalyst Inc Common Stock,HCAT,HCAT,100,0,1100,1200
4354,China Fund Inc. (The) Common Stock,CHN,CHN,100,0,1200,1300
4810,Bragg Gaming Group Inc. Common Shares,BRAG,BRAG,100,0,1500,1600
720,GFL Environmental Inc. Subordinate voting shares no par value,GFL,VALU,0,0,9900,9900
1640,Kala Pharmaceuticals Inc. Common Stock,KALA,KALA,100,100,300,500
4229,Lifetime Brands Inc. Common Stock,LCUT,LCUT,100,0,700,800
2038,Goldman Sachs BDC Inc. Common Stock,GSBD,GSBD,100,0,600,700
242,Ecolab Inc. Common Stock,ECL,ECL,100,0,200,300
6076,Standard BioTools Inc. Common Stock,LAB,LAB,100,0,1100,1200
1600,Innospec Inc. Common Stock,IOSP,IOSP,100,0,300,400
4310,Lazydays Holdings Inc. Common Stock,LAZY,LAZY,100,0,400,500
2112,Amphastar Pharmaceuticals Inc. Common Stock,AMPH,AMPH,100,0,100,200
6011,Orbital Infrastructure Group Inc. Common Stock,OIG,OIG,100,0,3000,3100
5903,Games & Esports Experience Acquisition Corp. Class A Ordinary Shares,GEEX,GEEX,100,0,1000,1100
5340,Qilian International Holding Group Ltd. Ordinary Shares,QLI,QLI,100,0,1800,1900
5406,Adamis Pharmaceuticals Corporation Common Stock,ADMP,ADMP,100,0,200,300
1131,PowerSchool Holdings Inc. Class A Common Stock,PWSC,PWSC,100,0,300,400
1386,California Resources Corporation Common Stock,CRC,CRC,100,0,600,700
3093,Senseonics Holdings Inc. Common Stock,SENS,SENS,100,0,200,300
4441,Altisource Portfolio Solutions S.A. Common Stock,ASPS,ASPS,100,0,1500,1600
2582,Mercer International Inc. Common Stock,MERC,MERC,100,0,700,800
249,Devon Energy Corporation Common Stock,DVN,DTE,82,0,400,482
2331,Hess Midstream LP Class A Share,HESM,HESM,100,0,700,800
1437,Livent Corporation Common Stock,LTHM,LTHM,100,0,100,200
3505,Morgan Stanley China A Share Fund Inc. Common Stock,CAF,CAF,100,0,5800,5900
1880,Nustar Energy L.P.  Common Units,NS,MNST,0,0,1800,1800
3614,Blue Whale Acquisition Corp I Class A Ordinary Shares,BWC,BWC,100,0,1000,1100
132,3M Company Common Stock,MMM,MMM,100,0,100,200
518,Check Point Software Technologies Ltd. Ordinary Shares,CHKP,CHKP,100,0,5800,5900
2940,Tremor International Ltd. American Depository Shares,TRMR,TRMR,0,0,2300,2300
1843,USA Compression Partners LP Common Units Representing Limited Partner Interests,USAC,BEP,0,0,3600,3600
4749,Titan Medical Inc. Ordinary Shares,TMDI,TMDI,100,0,300,400
528,Fair Isaac Corproation Common Stock,FICO,FICO,0,0,2700,2700
2067,Janus International Group Inc. Common Stock,JBI,JBI,100,0,1500,1600
4276,Unifi Inc. New Common Stock,UFI,UI,0,0,1400,1400
4788,Finance of America Companies Inc. Class A Common Stock,FOA,FOA,100,0,600,700
1732,NuVasive Inc. Common Stock,NUVA,NUVA,100,0,200,300
1197,FirstCash Holdings Inc. Common Stock,FCFS,FCFS,100,0,100,200
3592,dMY Technology Group Inc. VI Class A Common Stock,DMYS,DMYS,100,0,3900,4000
174,KLA Corporation Common Stock,KLAC,KLAC,100,86,300,486
1939,Arcos Dorados Holdings Inc. Class A Shares,ARCO,ARCO,100,0,300,400
4048,Duluth Holdings Inc. Class B Common Stock,DLTH,KMDA,0,0,800,800
6217,EUDA Health Holdings Limited Ordinary Shares,EUDA,EUDA,100,0,300,400
5112,Neuberger Berman New York Municipal Fund Inc. Common Stock,NBO,NBO,100,0,11100,11200
3841,BlackRock Floating Rate Income Trust,BGT,BGT,100,0,7500,7600
2740,Genius Sports Limited Ordinary Shares,GENI,GENI,100,0,300,400
1835,Star Bulk Carriers Corp. Common Shares,SBLK,SBLK,100,0,1500,1600
1078,Oak Street Health Inc. Common Stock,OSH,OSH,100,0,600,700
6253,Imperial Petroleum Inc. Common Shares,IMPP,LPI,0,0,800,800
312,D.R. Horton Inc. Common Stock,DHI,DHI,0,0,1100,1100
1701,Perficient Inc. Common Stock,PRFT,PRFT,100,0,200,300
690,Aramark Common Stock,ARMK,ARMK,100,0,400,500
5731,Versus Systems Inc. Common Shares,VS,VS,100,0,700,800
4353,Fat Projects Acquisition Corp Class A Ordinary Share,FATP,FATP,100,0,1500,1600
3271,Priority Technology Holdings Inc. Common Stock,PRTH,PRTH,100,0,700,800
3589,CareMax Inc. Class A Common Stock,CMAX,CMAX,100,0,100,200
6106,Technology & Telecommunication Acquisition Corporation Class A Ordinary Shares,TETE,TETE,100,0,600,700
6060,Seadrill Limited Common Shares,SDRL,SDRL,100,0,200,300
1418,Harmony Biosciences Holdings Inc. Common Stock,HRMY,HRMY,100,0,1500,1600
1505,Corporate Office Properties Trust Common Stock,OFC,OFC,100,0,1200,1300
5791,ComSovereign Holding Corp. Common Stock,COMS,COMS,100,0,300,400
5263,Rand Capital Corporation Common Stock,RAND,RAND,100,0,300,400
3170,Acropolis Infrastructure Acquisition Corp. Class A Common Stock,ACRO,ACRO,100,0,3000,3100
2083,DHT Holdings Inc.,DHT,DHT,100,100,100,300
345,ONEOK Inc. Common Stock,OKE,OKE,0,0,100,100
2486,U.S. Silica Holdings Inc. Common Stock,SLCA,SLCA,100,0,200,300
1343,Apple Hospitality REIT Inc. Common Shares,APLE,APLE,100,0,900,1000
3915,Willdan Group Inc. Common Stock,WLDN,WLDN,100,0,300,400
5940,Paramount Global Class B Common Stock,PARA,PARA,91,0,3600,3691
362,International Flavors & Fragrances Inc. Common Stock,IFF,IFF,100,0,1500,1600
5642,Coffee Holding Co. Inc. Common Stock,JVA,JVA,100,0,300,400
5318,GT Biopharma Inc. Common Stock,GTBP,GTBP,100,0,1500,1600
6334,Sky Harbour Group Corporation Class A Common Stock,SKYH,SKYH,100,0,600,700
3553,AfterNext HealthTech Acquisition Corp. Class A Ordinary Shares,AFTR,AFTR,100,0,600,700
2119,Everi Holdings Inc. Common Stock,EVRI,EVRI,100,89,400,589
93,American Tower Corporation (REIT) Common Stock,AMT,AMT,88,0,700,788
154,Canadian Natural Resources Limited Common Stock,CNQ,CNQ,100,0,2400,2500
2947,Mercantile Bank Corporation Common Stock,MBWM,MBWM,100,0,1100,1200
2705,Bank First Corporation Common Stock,BFC,BFC,100,0,1900,2000
5114,Perma-Fix Environmental Services Inc. Common Stock,PESI,PESI,98,0,2100,2198
1562,TripAdvisor Inc. Common Stock,TRIP,TRIP,100,0,200,300
5963,MSP Recovery Inc. Class A Common Stock,LIFW,LIFW,100,0,700,800
1225,Super Micro Computer Inc. Common Stock,SMCI,SMCI,100,0,1500,1600
4290,Alpha Teknova Inc. Common Stock,TKNO,TKNO,100,0,300,400
1351,Peabody Energy Corporation Common Stock ,BTU,BTU,100,0,700,800
1102,Signify Health Inc. Class A Common Stock,SGFY,SGFY,100,0,700,800
2773,Independence Holdings Corp. Class A Ordinary Share,ACQR,ACQR,100,0,100,200
1626,Brady Corporation Common Stock,BRC,BRC,100,0,200,300
6254,TH International Limited Ordinary shares,THCH,THCH,100,0,700,800
4338,NexPoint Real Estate Finance Inc. Common Stock,NREF,NREF,100,0,1000,1100
3722,Wheels Up Experience Inc. Class A Common Stock,UP,UP,100,0,600,700
5822,Coeptis Therapeutics Holdings Inc. Common Stock,COEP,COEP,100,0,700,800
5005,Elevate Credit Inc. Common Stock,ELVT,ELVT,100,0,700,800
1511,Rush Enterprises Inc. Common Stock Cl A,RUSHA,RUSHA,0,0,700,700
3139,Ross Acquisition Corp II Class A Ordinary Shares,ROSS,ROSS,100,0,600,700
714,Full Truck Alliance Co. Ltd. American Depositary Shares (each representing 20 Class A Ordinary Shares),YMM,CTOS,0,0,1800,1800
3728,GRAVITY Co. Ltd. American Depository Shares,GRVY,PAAS,0,0,1100,1100
1168,Element Solutions Inc. Common Stock,ESI,ESI,100,0,1100,1200
844,Fortinet Inc. Common Stock,FTNT,FTNT,100,0,200,300
4985,Tiziana Life Sciences Ltd. Common Shares,TLSA,TLSA,100,0,600,700
206,Takeda Pharmaceutical Company Limited American Depositary Shares (each representing 1/2 of a share of Common Stock),TAK,TAK,0,0,1500,1500
2241,Empire State Realty Trust Inc. Class A Common Stock,ESRT,ESRT,100,0,3400,3500
3160,Atlantic Coastal Acquisition Corp. Class A Common Stock,ACAH,ACAH,100,0,600,700
3123,Concord Acquisition Corp III Class A Common Stock,CNDB,CNDB,100,0,600,700
599,Everest Re Group Ltd. Common Stock,RE,RE,100,0,1500,1600
4179,So-Young International Inc. American Depository Shares,SY,ATNI,0,0,2200,2200
4763,Flotek Industries Inc. Common Stock,FTK,FTK,85,0,300,385
742,Darling Ingredients Inc. Common Stock,DAR,DAR,100,0,1900,2000
5729,SemiLEDS Corporation Common Stock,LEDS,LEDS,100,0,200,300
2760,Matterport Inc. Class A Common Stock,MTTR,MTTR,0,0,700,700
4961,High Income Securities Fund Common Stock,PCF,PCF,100,0,4600,4700
2874,Oppenheimer Holdings Inc. Class A Common Stock (DE),OPY,OPY,100,0,200,300
6121,Zentek Ltd. Common Stock,ZTEK,ZTEK,100,0,300,400
4366,Westport Fuel Systems Inc Common Shares,WPRT,WPRT,100,0,3600,3700
5275,Aquestive Therapeutics Inc. Common Stock,AQST,AQST,100,0,700,800
2936,Capital City Bank Group Common Stock,CCBG,CCBG,100,0,2200,2300
1614,Flywire Corporation Voting Common Stock,FLYW,FLYW,0,0,700,700
4131,Templeton Emerging Markets Fund Common Stock,EMF,EMF,100,0,3800,3900
4910,Express Inc. Common Stock,EXPR,EXPR,100,0,600,700
5255,Aware Inc. Common Stock,AWRE,RDWR,83,0,0,83
4978,eMagin Corporation Common Stock,EMAN,EMAN,100,0,0,100
4591,Xos Inc. Common Stock,XOS,XOS,100,100,100,300
1402,Advanced Energy Industries Inc. Common Stock,AEIS,AEIS,100,0,1500,1600
1714,Golub Capital BDC Inc. Common Stock,GBDC,GBDC,100,0,600,700
4451,Achari Ventures Holdings Corp. I Common Stock,AVHI,AVHI,100,0,2000,2100
5811,SunLink Health Systems Inc. Common Stock,SSY,SSY,100,0,1500,1600
4888,Mountain Crest Acquisition Corp. III Common Stock,MCAE,MCAE,100,0,1000,1100
3723,XPAC Acquisition Corp. Class A Ordinary Shares,XPAX,XPAX,100,0,700,800
2562,GoPro Inc. Class A Common Stock,GPRO,GPRO,100,89,500,689
3198,Civeo Corporation (Canada) Common Shares,CVEO,CVEO,100,89,200,389
2455,Lakeland Bancorp Inc. Common Stock,LBAI,LBAI,100,0,500,600
476,M&T Bank Corporation Common Stock,MTB,MTB,100,0,700,800
2804,Berry Corporation (bry) Common Stock,BRY,BRY,100,0,400,500
1642,SJW Group Common Stock (DE),SJW,SJW,100,0,1300,1400
3664,Pegasus Digital Mobility Acquisition Corp. Class A Ordinary Shares,PGSS,PGSS,100,0,2600,2700
4154,Delaware Ivy High Income Opportunities Fund,IVH,IVH,100,0,7900,8000
3625,Invesco Municipal Income Opportunities Trust Common Stock,OIA,OIA,100,0,10000,10100
6142,Rhythm Pharmaceuticals Inc. Common Stock,RYTM,RYTM,100,0,500,600
245,Paychex Inc. Common Stock,PAYX,PAYX,100,0,100,200
3541,Live Oak Mobility Acquisition Corp. Class A Common Stock,LOKM,LOKM,100,0,1000,1100
3940,Vuzix Corporation Common Stock,VUZI,VUZI,100,89,600,789
3346,ClearBridge Energy Midstream Opportunity Fund Inc. Common Stock,EMO,EMO,100,0,4200,4300
3959,TROOPS Inc. Ordinary Shares ,TROO,TROO,0,0,300,300
6192,Battery Future Acquisition Corp. Class A Ordinary Shares,BFAC,BFAC,100,0,600,700
2545,Washington Trust Bancorp Inc. Common Stock,WASH,WASH,100,0,2100,2200
1422,Babylon Holdings Limited Class A Ordinary Shares,BBLN,BBLN,100,0,200,300
862,Medpace Holdings Inc. Common Stock,MEDP,MEDP,100,0,100,200
2604,LivePerson Inc. Common Stock,LPSN,LPSN,100,0,200,300
693,Dick's Sporting Goods Inc Common Stock,DKS,DKS,100,0,5100,5200
2979,Senior Connect Acquisition Corp. I Class A Common Stock,SNRH,SNRH,100,0,1800,1900
5696,Inspira Technologies Oxy B.H.N. Ltd. Ordinary Shares,IINN,IINN,100,0,2600,2700
879,DENTSPLY SIRONA Inc. Common Stock,XRAY,XRAY,100,0,300,400
640,PulteGroup Inc. Common Stock,PHM,PHM,0,0,300,300
2632,Karooooo Ltd. Ordinary Shares,KARO,KARO,100,0,300,400
3773,Summit Healthcare Acquisition Corp. Class A Ordinary Share,SMIH,SMIH,100,0,600,700
6092,ARS Pharmaceuticals Inc. Common Stock,SPRY,SPRY,100,0,100,200
4280,Ouster Inc. Common Stock,OUST,OUST,100,0,100,200
1180,monday.com Ltd. Ordinary Shares,MNDY,MNDY,100,0,0,100
4608,Cel-Sci Corporation Common Stock,CVM,CVM,92,0,200,292
2722,Tango Therapeutics Inc.,TNGX,TNGX,100,0,700,800
724,BorgWarner Inc. Common Stock,BWA,BWA,100,0,300,400
3825,TB SA Acquisition Corp Class A Ordinary Share,TBSA,TBSA,100,0,700,800
5850,Benitec Biopharma Inc. Common Stock,BNTC,BNTC,100,0,300,400
303,PACCAR Inc. Common Stock,PCAR,PCAR,100,0,200,300
4705,Magyar Bancorp Inc. Common Stock,MGYR,MGYR,100,0,1700,1800
1115,First Financial Bankshares Inc. Common Stock,FFIN,FFIN,100,0,1500,1600
4585,Quest Resource Holding Corporation Common Stock,QRHC,QRHC,100,0,1100,1200
5565,Alterity Therapeutics Limited American Depositary Shares,ATHE,ATHE,81,0,1500,1581
6163,Castellum Inc. Common Stock,CTM,CTM,100,0,100,200
2383,FuelCell Energy Inc. Common Stock,FCEL,FCEL,100,0,700,800
2173,Angi Inc. Class A Common Stock,ANGI,ANGI,100,100,800,1000
3904,908 Devices Inc. Common Stock,MASS,MASS,100,0,300,400
4175,JATT Acquisition Corp Class A Ordinary Shares,JATT,JATT,100,0,700,800
529,United Microelectronics Corporation (NEW) Common Stock,UMC,UMC,100,0,900,1000
3065,Blackrock Limited Duration Income Trust,BLW,BLW,100,0,3600,3700
2104,Veritex Holdings Inc. Common Stock,VBTX,VBTX,100,0,300,400
4316,ADS-TEC ENERGY PLC Ordinary Shares,ADSE,DTE,87,0,400,487
5226,Exagen Inc. Common Stock,XGN,XGN,100,0,400,500
4693,J. W. Mays Inc. Common Stock,MAYS,MAYS,0,0,500,500
3157,EverQuote Inc. Class A Common Stock,EVER,EVER,100,0,300,400
473,Quest Diagnostics Incorporated Common Stock,DGX,DGX,100,0,1300,1400
1884,N-able Inc. Common Stock,NABL,NABL,100,89,100,289
5289,Foresight Autonomous Holdings Ltd. American Depositary Shares,FRSX,FRSX,0,0,1500,1500
1374,CVB Financial Corporation Common Stock,CVBF,CVBF,100,0,300,400
4379,Saga Communications Inc. Class A Common Stock (FL),SGA,SGA,100,0,300,400
270,Simon Property Group Inc. Common Stock,SPG,SPG,100,0,1000,1100
2102,Sovos Brands Inc. Common Stock,SOVO,SOVO,100,0,700,800
1495,Sprout Social Inc Class A Common Stock,SPT,SPT,100,0,300,400
3250,Arctos NorthStar Acquisition Corp. Class A Ordinary Shares,ANAC,ANAC,100,0,600,700
3281,Transcontinental Realty Investors Inc. Common Stock,TCI,TCI,100,0,600,700
3000,South Plains Financial Inc. Common Stock,SPFI,SPFI,100,0,1500,1600
2362,InnovAge Holding Corp. Common Stock,INNV,INNV,100,0,300,400
5752,Integrated Media Technology Limited Ordinary Shares,IMTE,IMTE,100,0,3000,3100
5353,Hepion Pharmaceuticals Inc. Common Stock,HEPA,HEPA,100,0,300,400
4006,Plumas Bancorp,PLBC,PLBC,100,0,900,1000
2215,Primoris Services Corporation Common Stock,PRIM,PRIM,100,0,700,800
1058,TIM S.A. American Depositary Shares (Each representing 5 Common Shares) ,TIMB,PAAS,0,0,800,800
6260,Hour Loop Inc. Common Stock,HOUR,HOUR,100,0,700,800
4100,Penns Woods Bancorp Inc. Common Stock,PWOD,PWOD,100,0,600,700
162,Sherwin-Williams Company (The) Common Stock,SHW,SHW,97,0,200,297
1829,Patria Investments Limited Class A Common Shares,PAX,PAX,100,0,700,800
5193,abrdn Global Income Fund Inc. Common Stock,FCO,FCO,100,0,3000,3100
6096,Blue World Acquisition Corporation Class A Ordinary Shares,BWAQ,BWAQ,100,0,1500,1600
2117,Global Net Lease Inc. Common Stock,GNL,GNL,100,0,600,700
3469,Newcourt Acquisition Corp Class A Ordinary Share,NCAC,NCAC,100,0,300,400
5238,SRAX Inc. Class A Common Stock,SRAX,SRAX,100,100,300,500
3500,Arqit Quantum Inc. Ordinary Shares,ARQQ,ARQQ,100,0,300,400
4513,SuRo Capital Corp. Common Stock,SSSS,SSSS,100,0,700,800
5383,Generations Bancorp NY Inc. Common Stock,GBNY,GBNY,100,0,900,1000
4814,Blue Safari Group Acquisition Corp. Class A Ordinary Share,BSGA,BSGA,100,0,1000,1100
1814,Masonite International Corporation Ordinary Shares (Canada),DOOR,DOOR,100,0,900,1000
5639,Agile Therapeutics Inc. Common Stock,AGRX,AGRX,100,0,700,800
2498,Cerence Inc. Common Stock,CRNC,CRNC,100,0,200,300
2905,Western Asset Emerging Markets Debt Fund Inc Common Stock,EMD,EMD,100,0,13500,13600
1608,Myovant Sciences Ltd. Common Shares,MYOV,MYOV,100,0,1500,1600
4722,Phunware Inc. Common Stock,PHUN,PHUN,100,0,100,200
4020,GENFIT S.A. American Depositary Shares,GNFT,PAAS,0,0,800,800
3668,7GC & Co. Holdings Inc. Class A common stock,VII,VII,100,0,100,200
4386,Akoustis Technologies Inc. Common Stock,AKTS,AKTS,100,0,900,1000
3587,NeoGames S.A. Ordinary Shares,NGMS,NGMS,100,0,100,200
2016,Virtus Investment Partners Inc. Common Stock,VRTS,VRTS,100,0,1500,1600
567,Zscaler Inc. Common Stock,ZS,ZS,100,0,900,1000
751,Jabil Inc. Common Stock,JBL,JBL,100,0,400,500
5557,Lexaria Bioscience Corp. Common Stock,LEXX,LEXX,100,0,700,800
2387,BlackRock Credit Allocation Income Trust,BTZ,BTZ,100,0,6500,6600
2620,Kearny Financial Corp Common Stock,KRNY,KRNY,100,0,900,1000
5299,Cardiol Therapeutics Inc. Class A Common Shares,CRDL,CRDL,100,0,700,800
1943,LifeStance Health Group Inc. Common Stock,LFST,LFST,100,0,1500,1600
3234,Pharvaris N.V. Ordinary Shares,PHVS,PHVS,100,0,100,200
3762,abrdn Emerging Markets Equity Income Fund Inc. Common Stock,AEF,AEF,100,0,6300,6400
457,Zoom Video Communications Inc. Class A Common Stock,ZM,ZM,100,0,6300,6400
2650,Valneva SE American Depositary Shares,VALN,PAAS,0,0,800,800
6312,Symbotic Inc. Class A Common Stock,SYM,SYM,100,0,300,400
804,Cullen/Frost Bankers Inc. Common Stock,CFR,CFR,100,0,700,800
628,Smith & Nephew SNATS Inc. Common Stock,SNN,SNN,81,0,900,981
3148,Lead Edge Growth Opportunities Ltd Class A Ordinary Shares,LEGA,LEGA,100,0,1000,1100
6047,Telesis Bio Inc. Common Stock,TBIO,TBIO,100,0,0,100
4836,Carrols Restaurant Group Inc. Common Stock,TAST,TAST,100,0,600,700
2642,Cimpress plc Ordinary Shares (Ireland),CMPR,CMPR,100,0,200,300
5192,CSP Inc. Common Stock,CSPI,CSPI,0,86,200,286
3781,Eaton Vance Municipal Income Trust EATON VANCE NATIONAL MUNICIPAL OPPORTUNITIES TRUST,EOT,ETX,0,0,13600,13600
3528,UNIVERSAL INSURANCE HOLDINGS INC Common Stock,UVE,UVE,100,0,1500,1600
4990,IsoPlexis Corporation Common Stock,ISO,ISO,100,0,100,200
1768,Itau CorpBanca American Depositary Shares (each representing 1500 shares of Common Stock no par value),ITCB,PAAS,0,0,1100,1100
1755,IHS Holding Limited Ordinary Shares,IHS,IHS,100,100,200,400
2507,Eaton Vance Corporation Eaton Vance Tax-Managed Global Buy-Write Opportunites Fund Common Shares of Beneficial Interest,ETW,SPGI,0,0,12300,12300
3214,Powell Industries Inc. Common Stock,POWL,POWL,100,0,700,800
4485,Turtle Beach Corporation Common Stock,HEAR,HEAR,100,0,700,800
6332,SES AI Corporation Class A Common Stock,SES,SES,100,0,300,400
1113,Perrigo Company plc Ordinary Shares,PRGO,PRGO,100,0,200,300
5541,Engine Gaming and Media Inc. Common Stock,GAME,GAME,93,0,3800,3893
4114,Pyxis Tankers Inc. Common Stock,PXS,PXS,100,0,700,800
4073,First Trust Dynamic Europe Equity Income Fund Common Shares of Beneficial Interest,FDEU,FDEU,0,0,11500,11500
2658,Arco Platform Limited Class A Common Shares,ARCE,ARCE,100,0,700,800
1283,Blue Owl Capital Inc. Class A Common Stock,OWL,OWL,100,0,600,700
4658,Evoke Pharma Inc. Common Stock,EVOK,EVOK,100,0,700,800
910,BanColombia S.A. Common Stock,CIB,CIB,100,0,200,300
4363,Mistras Group Inc Common Stock,MG,MG,100,0,700,800
3939,The Community Financial Corporation Common Stock,TCFC,TCFC,83,0,3600,3683
4574,EyePoint Pharmaceuticals Inc. Common Stock,EYPT,EYPT,100,0,300,400
2565,Peoples Bancorp Inc. Common Stock,PEBO,PEBO,100,0,900,1000
313,STMicroelectronics N.V. Common Stock,STM,STM,100,0,200,300
3029,Viad Corp Common Stock,VVI,VVI,100,0,200,300
210,American International Group Inc. New Common Stock,AIG,AIG,92,0,1200,1292
1355,PennyMac Financial Services Inc. Common Stock,PFSI,PFSI,100,0,1800,1900
2485,Blackrock MuniYield Quality Fund Inc. Common Stock,MQY,MQY,100,0,3400,3500
3303,Alerus Financial Corporation Common Stock,ALRS,ALRS,100,0,1500,1600
1398,Grupo Aeroportuario del Centro Norte S.A.B. de C.V. ADS,OMAB,MXCHY,0,0,5200,5200
196,Keurig Dr Pepper Inc. Common Stock,KDP,KDP,100,0,2700,2800
3732,Moringa Acquisition Corp Class A Ordinary Shares,MACA,MACA,100,0,300,400
2036,Berkshire Hills Bancorp Inc. Common Stock,BHLB,BHLB,100,0,1800,1900
3963,Pulmatrix Inc. Common Stock,PULM,PULM,100,0,200,300
3442,Vivakor Inc. Common Stock,VIVK,VIVK,100,0,100,200
409,Vulcan Materials Company (Holding Company) Common Stock,VMC,VMC,100,0,1100,1200
2784,iTeos Therapeutics Inc. Common Stock,ITOS,ITOS,100,0,700,800
4907,Wrap Technologies Inc. Common Stock,WRAP,WRAP,100,0,300,400
1010,Lincoln National Corporation Common Stock,LNC,LNC,100,0,700,800
1328,Teladoc Health Inc. Common Stock,TDOC,TDOC,100,0,1100,1200
2609,BioLife Solutions Inc. Common Stock,BLFS,BLFS,100,0,700,800
2440,Universal Logistics Holdings Inc. Common Stock,ULH,ULH,100,0,1300,1400
2314,Atrion Corporation Common Stock,ATRI,ATRI,100,0,200,300
2366,AMERISAFE Inc. Common Stock,AMSF,AMSF,100,0,100,200
5241,Greenbrook TMS Inc. Common Shares,GBNH,GBNH,100,0,1100,1200
852,Lear Corporation Common Stock,LEA,LEA,100,86,300,486
6375,Dominari Holdings Inc. Common Stock,DOMH,DOMH,100,0,300,400
1284,Unifirst Corporation Common Stock,UNF,UNF,100,0,200,300
6353,NWTN Inc. Class B Ordinary Shares,NWTN,KMDA,0,0,800,800
2941,Brookdale Senior Living Inc. Common Stock,BKD,BKD,100,0,2700,2800
5220,Rafael Holdings Inc. Class B Common Stock,RFL,KMDA,0,0,800,800
1819,Orchid Island Capital Inc. Common Stock,ORC,ORC,100,0,1500,1600
1920,Adams Diversified Equity Fund Inc.,ADX,ADX,100,0,3000,3100
327,Cognizant Technology Solutions Corporation Class A Common Stock,CTSH,CTSH,100,0,900,1000
1609,MGE Energy Inc,MGEE,MGEE,100,0,900,1000
1127,Fabrinet Ordinary Shares,FN,FN,100,0,100,200
3087,Cornerstone Total Return Fund Inc. (The) Common Stock,CRF,CRF,100,0,3000,3100
2437,Titan Machinery Inc. Common Stock,TITN,TITN,100,0,700,800
874,First Citizens BancShares Inc. Class A Common Stock,FCNCA,FCNCA,100,0,1500,1600
1264,Arrowhead Pharmaceuticals Inc. Common Stock,ARWR,ARWR,100,0,300,400
1261,Rambus Inc. Common Stock,RMBS,RMBS,100,0,200,300
2152,Live Oak Bancshares Inc. Common Stock,LOB,LOB,100,0,2100,2200
3226,Prospector Capital Corp. Class A Ordinary Shares,PRSR,PRSR,100,0,300,400
3704,FAST Acquisition Corp. II Class A Common Stock,FZT,FZT,100,0,600,700
5444,Aptinyx Inc. Common Stock,APTX,APTX,100,0,200,300
6130,Rail Vision Ltd. Ordinary Share,RVSN,RVSN,100,0,300,400
4560,Tattooed Chef Inc Class A Common Stock,TTCF,TTCF,100,0,1100,1200
5278,Milestone Scientific Inc. Common Stock,MLSS,MLSS,100,0,700,800
1612,Petco Health and Wellness Company Inc. Class A Common Stock,WOOF,WOOF,94,0,2600,2694
542,LKQ Corporation Common Stock,LKQ,LKQ,100,100,200,400
5763,Reeds Inc. Common Stock,REED,REED,100,89,700,889
5915,Cepton Inc. Common Stock,CPTN,CPTN,100,0,100,200
4335,Jiayin Group Inc. American Depositary Shares,JFIN,MUFG,0,0,2700,2700
1420,Euronav NV Ordinary Shares,EURN,EURN,100,0,100,200
512,Citizens Financial Group Inc. Common Stock,CFG,CFG,89,0,3600,3689
1135,Apellis Pharmaceuticals Inc. Common Stock,APLS,APLS,100,0,200,300
3252,Skeena Resources Limited Common Shares,SKE,SKE,100,0,1300,1400
6236,Erayak Power Solution Group Inc. Class A Ordinary Shares,RAYA,RAYA,100,0,2900,3000
941,BRP Inc. (Recreational Products) Common Subordinate Voting Shares,DOOO,DOOO,0,0,700,700
1649,Compania Cervecerias Unidas S.A. Common Stock,CCU,CCU,0,0,600,600
2909,Riley Exploration Permian Inc. Common Stock,REPX,REPX,100,0,1500,1600
795,F5 Inc. Common Stock,FFIV,FFIV,100,0,500,600
4374,John Hancock Hedged Equity & Income Fund Common Shares of Beneficial Interest,HEQ,BTO,0,0,9000,9000
3737,BlackRock Capital Investment Corporation Common Stock,BKCC,BKCC,100,0,1200,1300
5878,Golden Sun Education Group Limited Class A Ordinary Shares,GSUN,GSUN,100,0,1000,1100
851,Ciena Corporation Common Stock,CIEN,CIEN,100,89,200,389
3575,GigCapital 5 Inc. Common Stock,GIA,GIA,96,0,87,183
1886,FormFactor Inc. FormFactor Inc. Common Stock,FORM,FORM,0,0,300,300
4982,Logan Ridge Finance Corporation Common Stock,LRFC,LRFC,100,0,900,1000
6361,LuxUrban Hotels Inc. Common Stock,LUXH,LUXH,100,0,200,300
5379,Strata Skin Sciences Inc. Common Stock,SSKN,SSKN,100,0,2700,2800
5678,B.O.S. Better Online Solutions Common Stock,BOSC,BOSC,100,0,2600,2700
2292,Helix Energy Solutions Group Inc. Common Stock,HLX,HLX,100,0,4200,4300
4023,Rose Hill Acquisition Corporation Class A Ordinary Shares,ROSE,ROSE,100,0,600,700
6010,NewHold Investment Corp. II Class A Common Stock,NHIC,NHIC,100,0,1500,1600
5100,SuperCom Ltd. Ordinary Shares (Israel),SPCB,SPCB,100,0,300,400
6333,Energy Vault Holdings Inc. Common Stock,NRGV,NRGV,100,0,1500,1600
634,Take-Two Interactive Software Inc. Common Stock,TTWO,TTWO,98,0,1500,1598
5634,Presidio Property Trust Inc. Class A Common Stock,SQFT,SQFT,100,0,0,100
3645,Greenlight Capital Re Ltd. Class A Ordinary Shares,GLRE,GLRE,100,0,1500,1600
5787,Phio Pharmaceuticals Corp. Common Stock,PHIO,PHIO,100,100,300,500
4328,Hut 8 Mining Corp. Common Shares,HUT,HUT,100,0,1500,1600
579,Iron Mountain Incorporated (Delaware)Common Stock REIT,IRM,GBCS,0,0,1500,1500
2611,Loop Media Inc. Common Stock,LPTV,LPTV,100,0,300,400
6191,Energem Corp Class A Ordinary Shares,ENCP,ENCP,100,0,100,200
4424,Fortune Rise Acquisition Corporation Class A Common Stock,FRLA,FRLA,100,0,600,700
3063,Hyster-Yale Materials Handling Inc. Class A Common Stock,HY,HY,100,0,1500,1600
976,Range Resources Corporation Common Stock,RRC,RRC,100,0,1100,1200
994,Karuna Therapeutics Inc. Common Stock,KRTX,KRTX,100,0,1700,1800
779,Coinbase Global Inc. Class A Common Stock,COIN,COIN,100,0,700,800
286,Cheniere Energy Inc. Common Stock,LNG,LNG,100,0,300,400
1041,iQIYI Inc. American Depositary Shares,IQ,PAAS,0,0,800,800
1051,Louisiana-Pacific Corporation Common Stock,LPX,LPX,100,0,200,300
4033,Nkarta Inc. Common Stock,NKTX,NKTX,100,0,200,300
2071,Diversey Holdings Ltd. Ordinary Shares,DSEY,DSEY,100,0,300,400
2998,Corner Growth Acquisition Corp. Class A Ordinary Shares,COOL,COOL,100,0,600,700
890,Brookfield Renewable Partners L.P. ,BEP,BEP,100,0,5100,5200
1052,Atkore Inc. Common Stock,ATKR,ATKR,100,0,400,500
4676,KORE Group Holdings Inc. Common Stock,KORE,KORE,100,0,300,400
3922,Territorial Bancorp Inc. Common Stock,TBNK,TBNK,100,0,900,1000
2590,Standard Motor Products Inc. Common Stock,SMP,SMP,100,0,1200,1300
5130,Quantum Computing Inc. Common Stock,QUBT,QUBT,100,0,700,800
696,Molson Coors Beverage Company Class B Common Stock,TAP,TAP,91,0,3800,3891
5488,Alimera Sciences Inc. Common Stock,ALIM,ALIM,100,0,300,400
1664,Verint Systems Inc. Common Stock,VRNT,VRNT,100,0,700,800
5638,The9 Limited American Depository Shares,NCTY,PAAS,0,0,1100,1100
1483,LXP Industrial Trust Common Stock (Maryland REIT),LXP,LXP,100,0,600,700
389,Baker Hughes Company Class A Common Stock,BKR,BKR,100,0,1500,1600
4927,Momentus Inc. Class A Common Stock,MNTS,MNTS,100,0,100,200
531,Targa Resources Inc. Common Stock,TRGP,TRGP,100,0,700,800
3467,CS Disco Inc. Common Stock,LAW,LAW,100,0,1300,1400
2456,SkyWest Inc. Common Stock,SKYW,SKYW,100,0,400,500
1558,Fulton Financial Corporation Common Stock,FULT,FULT,100,0,700,800
1672,Arbor Realty Trust Common Stock,ABR,ABR,100,0,1500,1600
4638,Chavant Capital Acquisition Corp. Ordinary Shares,CLAY,CLAY,100,0,600,700
61,Salesforce Inc. Common Stock,CRM,CRM,100,0,300,400
4767,China Index Holdings Limited American Depository Shares,CIH,MCR,0,0,2400,2400
5701,1847 Holdings LLC Common Shares,EFSH,EFSH,100,0,300,400
227,National Grid Transco PLC National Grid PLC (NEW) American Depositary Shares,NGG,AMNB,0,0,2600,2600
6290,Alpha Star Acquisition Corporation Ordinary Shares,ALSA,ALSA,100,0,600,700
4648,Gabelli Global Small and Mid Cap Value Trust (The) Common Shares of Beneficial Interest,GGZ,VALU,0,0,14800,14800
5688,Tricida Inc. Common Stock,TCDA,TCDA,100,0,100,200
5567,Forte Biosciences Inc. Common Stock,FBRX,FBRX,100,0,300,400
985,Elanco Animal Health Incorporated Common Stock,ELAN,ELAN,100,0,1500,1600
2767,Banco Latinoamericano de Comercio Exterior S.A.,BLX,BLX,0,0,5000,5000
4846,Eos Energy Enterprises Inc. Class A Common Stock,EOSE,EOSE,100,0,900,1000
5398,Greenlane Holdings Inc. Class A Common Stock,GNLN,GNLN,100,0,200,300
4142,Maui Land & Pineapple Company Inc. Common Stock,MLP,MLP,100,0,2400,2500
2097,ACV Auctions Inc. Class A Common Stock,ACVA,ACVA,100,0,700,800
933,Curtiss-Wright Corporation Common Stock,CW,CW,96,0,200,296
2895,bluebird bio Inc. Common Stock,BLUE,BLUE,100,0,0,100
2122,Par Pacific Holdings Inc.  Common Stock,PARR,PARR,100,0,1500,1600
5867,ioneer Ltd American Depositary Shares,IONR,PAAS,0,0,800,800
2449,Core Laboratories N.V. Common Stock,CLB,CLB,89,0,300,389
2876,Couchbase Inc. Common Stock,BASE,BASE,100,0,700,800
2564,Pitney Bowes Inc. Common Stock,PBI,PBI,100,0,1500,1600
806,Unum Group Common Stock,UNM,UNM,100,0,1100,1200
2248,Southside Bancshares Inc. Common Stock,SBSI,SBSI,100,0,900,1000
5608,GigaMedia Limited Ordinary Shares,GIGM,GIGM,100,0,200,300
3974,Biomea Fusion Inc. Common Stock,BMEA,BMEA,100,0,300,400
1302,Applovin Corporation Class A Common Stock,APP,APP,100,0,100,200
3869,First Trust Energy Infrastructure Fund Common Shares of Beneficial Interest,FIF,FEN,0,0,8100,8100
3011,Blackrock MuniYield Fund Inc.  Common Stock,MYD,MYD,100,0,2100,2200
4486,First United Corporation Common Stock,FUNC,MANU,0,0,2200,2200
4584,Landmark Bancorp Inc. Common Stock,LARK,LARK,100,0,500,600
552,Avery Dennison Corporation Common Stock,AVY,AVY,100,0,2900,3000
2293,Fiverr International Ltd. Ordinary Shares no par value,FVRR,VALU,0,0,7100,7100
5286,Professional Diversity Network Inc. Common Stock,IPDN,IPDN,100,0,3300,3400
1824,ZipRecruiter Inc. Class A Common Stock,ZIP,ZIP,100,0,100,200
1658,TransAlta Corporation Ordinary Shares,TAC,TAC,100,0,100,200
1206,Terreno Realty Corporation Common Stock,TRNO,TRNO,100,0,300,400
2975,Independent Bank Corporation Common Stock,IBCP,INDB,100,0,300,400
2172,Fresh Del Monte Produce Inc. Common Stock,FDP,FDP,100,0,3800,3900
5447,Zynerba Pharmaceuticals Inc. Common Stock,ZYNE,ZYNE,100,0,300,400
356,KKR & Co. Inc. Common Stock,KKR,KKR,100,100,200,400
6262,Broad Capital Acquisition Corp Common Stock,BRAC,BRAC,100,0,1500,1600
2407,Dril-Quip Inc. Common Stock,DRQ,DRQ,100,0,100,200
6166,Stellar Bancorp Inc. Common Stock,STEL,STEL,100,0,300,400
5267,IZEA Worldwide Inc. Common Stock,IZEA,IZEA,100,0,1500,1600
3200,Guaranty Bancshares Inc. Common Stock,GNTY,GNTY,90,0,500,590
4301,Voya Infrastructure Industrials and Materials Fund Common Shares of Beneficial Interest,IDE,IDE,0,0,11400,11400
895,ITT Inc. Common Stock ,ITT,ITT,100,100,200,400
1644,Cedar Fair L.P. Common Stock,FUN,FUN,83,0,700,783
5126,Flanigan's Enterprises Inc. Common Stock,BDL,BDL,100,0,300,400
1301,Phillips Edison & Company Inc. Common Stock,PECO,PECO,100,0,1100,1200
2196,Ecovyst Inc. Common Stock,ECVT,ECVT,100,0,300,400
5750,Tivic Health Systems Inc. Common Stock,TIVC,TIVC,100,0,1500,1600
3481,Project Energy Reimagined Acquisition Corp. Class A Ordinary Share,PEGR,PEGR,100,0,1000,1100
988,Post Holdings Inc. Common Stock,POST,POST,100,100,400,600
5065,Investcorp Credit Management BDC Inc. Common Stock,ICMB,ICMB,100,0,1000,1100
3918,Springwater Special Situations Corp. Common stock,SWSS,SWSS,100,0,600,700
995,PDC Energy Inc. Common Stock (Delaware),PDCE,PDCE,100,0,1100,1200
959,DigitalBridge Group Inc.,DBRG,DBRG,100,0,500,600
2543,Alliancebernstein Global High Income Fund,AWF,AWF,100,0,6000,6100
3014,MorphoSys AG American Depositary Shares,MOR,PAAS,0,0,800,800
4109,Fiesta Restaurant Group Inc. Common Stock,FRGI,FRGI,100,0,1500,1600
3577,Putnam Managed Municipal Income Trust Common Stock,PMM,PMM,100,0,5500,5600
1637,Urban Outfitters Inc. Common Stock,URBN,URBN,100,0,1500,1600
4828,MiNK Therapeutics Inc. Common Stock,INKT,INKT,100,0,1300,1400
2226,Stewart Information Services Corporation Common Stock,STC,STC,100,0,2100,2200
993,EnLink Midstream LLC Common Units representing Limited Partner Interests,ENLC,WES,0,0,2000,2000
1550,Grocery Outlet Holding Corp. Common Stock,GO,GO,100,0,300,400
2365,National Western Life Group Inc. Class A Common Stock,NWLI,NWLI,100,0,3000,3100
846,Chemed Corp,CHE,CHE,100,0,100,200
3319,Hyliion Holdings Corp. Class A Common Stock,HYLN,HYLN,100,0,100,200
5091,Cognition Therapeutics Inc. Common Stock,CGTX,CGTX,100,0,700,800
5663,EzFill Holdings Inc. Common Stock,EZFL,EZFL,100,0,100,200
3423,FinTech Evolution Acquisition Group Class A Ordinary Shares,FTEV,FTEV,100,0,1000,1100
5944,Shuttle Pharmaceuticals Holdings Inc. Common Stock,SHPH,SHPH,100,0,200,300
4738,Oncolytics Biotech Inc. Common Shares,ONCY,ONCY,100,0,700,800
6044,Stran & Company Inc. Common Stock,SWAG,SWAG,100,0,100,200
1666,Hilltop Holdings Inc.,HTH,HTH,100,0,200,300
709,Dynatrace Inc. Common Stock,DT,DT,100,0,400,500
1692,Arconic Corporation Common Stock ,ARNC,ARNC,100,0,400,500
5764,Color Star Technology Co. Ltd. Ordinary Shares,ADD,ADD,100,0,2400,2500
1976,Getnet Adquirencia e Servicos para Meios de Pagamento S.A. American Depositary Shares,GET,GET,83,0,6100,6183
4656,Nuveen Massachusetts Quality Municipal Income Fund Common Stock,NMT,NMT,100,0,14100,14200
5604,Indaptus Therapeutics Inc. Common Stock,INDP,INDP,100,0,1100,1200
3257,CNB Financial Corporation Common Stock,CCNE,CNA,92,0,400,492
